{"cameraMode":{"drawMode":0,"name":"Shaded","section":"Shading Mode"},"sceneLighting":true,"audioPlay":false,"sceneViewState":{"m_AlwaysRefresh":false,"showFog":true,"showSkybox":false,"showFlares":true,"showImageEffects":true,"showParticleSystems":true,"showVisualEffectGraphs":true,"m_FxEnabled":true},"in2DMode":false,"pivot":{"x":-0.34924495220184328,"y":2.131070375442505,"z":0.1478491872549057},"rotation":{"x":-0.22446729242801667,"y":0.22506451606750489,"z":-0.053350046277046207,"w":-0.9466643929481506},"size":1.7165062427520753,"orthographic":false}