{"cameraMode":{"drawMode":0,"name":"Shaded","section":"Shading Mode"},"sceneLighting":false,"audioPlay":false,"sceneViewState":{"m_AlwaysRefresh":false,"showFog":true,"showSkybox":false,"showFlares":true,"showImageEffects":true,"showParticleSystems":true,"showVisualEffectGraphs":true,"m_FxEnabled":false},"in2DMode":false,"pivot":{"x":-2.8108763694763185,"y":5.920026779174805,"z":0.10372298210859299},"rotation":{"x":0.06831692159175873,"y":0.6773706674575806,"z":-0.06336323916912079,"w":0.7297577261924744},"size":0.8660253882408142,"orthographic":false}