{"cameraMode":{"drawMode":0,"name":"Shaded","section":"Shading Mode"},"sceneLighting":false,"audioPlay":false,"sceneViewState":{"m_AlwaysRefresh":false,"showFog":true,"showSkybox":false,"showFlares":true,"showImageEffects":true,"showParticleSystems":true,"showVisualEffectGraphs":true,"m_FxEnabled":false},"in2DMode":false,"pivot":{"x":1.1294262409210206,"y":7.335456371307373,"z":-9.057950973510743},"rotation":{"x":0.19679348170757295,"y":-0.04734761640429497,"z":0.009542485699057579,"w":0.9793121218681336},"size":0.8660253882408142,"orthographic":false}