{"cameraMode":{"drawMode":0,"name":"Shaded","section":"Shading Mode"},"sceneLighting":false,"audioPlay":false,"sceneViewState":{"m_AlwaysRefresh":false,"showFog":true,"showSkybox":false,"showFlares":true,"showImageEffects":true,"showParticleSystems":true,"showVisualEffectGraphs":true,"m_FxEnabled":false},"in2DMode":false,"pivot":{"x":0.29966163635253909,"y":3.5047059059143068,"z":-0.8546726703643799},"rotation":{"x":-0.15194542706012727,"y":0.7889626622200012,"z":-0.21606825292110444,"w":-0.5548146963119507},"size":4.956057071685791,"orthographic":false}