{"cameraMode":{"drawMode":0,"name":"Shaded","section":"Shading Mode"},"sceneLighting":true,"audioPlay":false,"sceneViewState":{"m_AlwaysRefresh":false,"showFog":true,"showSkybox":true,"showFlares":true,"showImageEffects":true,"showParticleSystems":true,"showVisualEffectGraphs":true,"m_FxEnabled":false},"in2DMode":false,"pivot":{"x":38.791648864746097,"y":-1.130301833152771,"z":100.08341979980469},"rotation":{"x":-0.007144786883145571,"y":0.10120713710784912,"z":0.0007958175265230238,"w":0.9949396848678589},"size":2.080864429473877,"orthographic":false}