{"cameraMode":{"drawMode":0,"name":"Shaded","section":"Shading Mode"},"sceneLighting":true,"audioPlay":false,"sceneViewState":{"m_AlwaysRefresh":false,"showFog":true,"showSkybox":true,"showFlares":true,"showImageEffects":true,"showParticleSystems":true,"showVisualEffectGraphs":true,"m_FxEnabled":false},"in2DMode":false,"pivot":{"x":1.4720455408096314,"y":-1.251997709274292,"z":63.916603088378909},"rotation":{"x":0.03995480760931969,"y":0.40927445888519289,"z":-0.017947768792510034,"w":0.911442756652832},"size":3.5178117752075197,"orthographic":false}