{"cameraMode":{"drawMode":0,"name":"Shaded","section":"Shading Mode"},"sceneLighting":true,"audioPlay":false,"sceneViewState":{"m_AlwaysRefresh":false,"showFog":true,"showSkybox":true,"showFlares":true,"showImageEffects":true,"showParticleSystems":true,"showVisualEffectGraphs":true,"m_FxEnabled":false},"in2DMode":false,"pivot":{"x":0.41247937083244326,"y":-1.6516876220703126,"z":32.40106201171875},"rotation":{"x":-0.31429076194763186,"y":0.3586631119251251,"z":-0.12955589592456819,"w":-0.8695177435874939},"size":2.0808653831481935,"orthographic":false}