{"cameraMode":{"drawMode":0,"name":"Shaded","section":"Shading Mode"},"sceneLighting":true,"audioPlay":false,"sceneViewState":{"m_AlwaysRefresh":false,"showFog":true,"showSkybox":true,"showFlares":true,"showImageEffects":true,"showParticleSystems":true,"showVisualEffectGraphs":true,"m_FxEnabled":false},"in2DMode":false,"pivot":{"x":-1.899792194366455,"y":1.2667789459228516,"z":-0.5877971649169922},"rotation":{"x":-0.09866103529930115,"y":-0.19628392159938813,"z":0.019855258986353875,"w":-0.9753724932670593},"size":2.027313470840454,"orthographic":false}