{"cameraMode":{"drawMode":0,"name":"Shaded","section":"Shading Mode"},"sceneLighting":false,"audioPlay":false,"sceneViewState":{"m_AlwaysRefresh":false,"showFog":true,"showSkybox":false,"showFlares":true,"showImageEffects":true,"showParticleSystems":true,"showVisualEffectGraphs":true,"m_FxEnabled":false},"in2DMode":false,"pivot":{"x":0.2183246612548828,"y":3.3625566959381105,"z":3.2463607788085939},"rotation":{"x":-0.011772644706070423,"y":-0.9414849877357483,"z":0.33548402786254885,"w":-0.03279055282473564},"size":1.501665711402893,"orthographic":false}